А-А	Абельская Раиса
	Авагян Александр
	Авдеева Валерия
	Авдеев Сергей
	Авилов Дмитрий
	Агафонов Глеб
	Агельменев Александр
	Агельменев Кирилл
	Агранович Евгений
	Адаменко Николай
	Аделунг Юрий
	Айзенберг Александр
	Акимов Игорь
	Аксёнов Марк
	Аксёнов Павел
	Алабин Александр
	Александров Роберт
	Алексеев Сергей
	Алешина Татьяна
	Алешковский Юз
	Алмазов Борис
	Альтшулер Леонид
	Андриенко Игорь
	Анистратенко Ася
	Анпилов Андрей
	Антонов Иван
	Антонов Олег
	Анцимов Сергей
	Анчаров Михаил
	Аполинаров Алексей
	Арацкий Владимир
	Арбенин Константин
	Ардабьевский Павел
	Аринчин Сергей
	Арно Сергей
	Архангельский Игорь
	Арцинович Всеволод
	Аршинов Аркадий
	Афанасьев Валерий
	Афраймович Ольга
Б-Б	Бадамшин Рамиль
	Бадамшин Шавкат
	Байрак Виктор
	Баканов Константин
	Балахнин Геннадий
	Балабанова Юлия
	Баль Александр
	Бальцер Сергей
	Банников Евгений
	Баранов Андрей
	Баранов Виктор
	Барановский Михаил
	Бардин Алексей
	Барьюдин Александр
	Бар-Яалом Эли (Хатуль)
	Басаев Михаил
	Басин Михаил
	Басовский Наум
	Баулин Дмитрий
	Бахтин Александр
	Бачурин Евгений
	Баязитов Ренат
	Баякин Сергей
	Бейгин Геннадий
	Белецкая Ирина
	Белецкий Валентин
	Белов Александр
	Белов Юрий
	Белоцерковская Марина
	Белый Игорь
	Беляев Юрий
	Бендюков Юрий
	Бережков Владимир
	Бережной Сергей
	Берестов Валентин
	Берковский Виктор
	Беркут Андрей
	Бикчентаев Дмитрий
	Блинова Лариса
	Блощинский Денис
	Бляхман Борис
	Бобриков Владимир
	Бобровский Тимур
	Богатырёв Вадим
	Богушевская Ирина
	Боков Валерий
	Болдырева Екатерина
	Болотин Владимир
	Болтянская Нателла
	Борзов Владимир
	Борисов Владимир
	Борисов Юрий
	Бортников Владимир
	Боханцев Сергей
	Брассанс Жорж
	Брусницына Галина
	Брязгины Аркадий и Александр
	Будагов Ануар
	Букреев Андрей
	Булат Мария и Ельский Юрий
	Булгаков Сергей
	Бурда Борис
	Бурнаевский Александр
	Бушуева Елена
	Быстрицкий Александр
	Бычков Александр
В-В	Вагин Дмитрий
	Вайханский Борис
	Вайханский Юрий
	Ваксман Леонид
	Валитов Рафаэль
	Вальков (Лещина) Сергей
	Васильева Галина
	Васильев Владимир
	Васильев Геннадий
	Васин-Макаров Александр
	Вахнюк Борис
	Ведник Анатолий
	Вентрович Александр
	Вербицкий Александр
	Верный Алексей
	Вертинский Александр
	Визбор Юрий
	Винник Илья
	Витаков Алексей
	Вихорев Валентин
	Вишневский В.
	Владимирова Лариса
	Воденников А.
	Волков Александр
	Волков Андрей
	Волков Андрей (г. Саров)
	Волков Владимир
	Волков-Китаин Владимир
	Волков Михаил
	Волнов Юрий
	Володин Михаил
	Волчкевич Максим
	Вольдман Александр
	Воробьева Наталья
	Ворожейкин Антон
	Волошин Киpилл
	Воронин Алексей
	Воронков Дмитрий
	Вотинцевы Вера и Нина
	Высоцкий Владимир
Г-Г	Гайда Павел
	Гайдаш Сергей
	Гайдуров Борис
	Галеева Эльмира
	Галич (Гинзбург) Александр
	Гальперштейн Яков
	Гальский
	Галяутдинов Равиль
	Гарин Юрий
	Гасилов Александр
	Гейнц Александр, Данилов Сергей
	Генкин Александр
	Гепштейн Игорь
	Герштейн Лариса
	Гескина Мария
	Гладков Григорий
	Гладышев Артур (Арчи)
	Глазанов Валентин
	Глазов Илья
	Глотов Владимир
	Гольдин Игорь
	Гольцман Татьяна
	Гольцова Ирина
	Гомазков Алексей
	Гордон Борис
	Городецкий Олег
	Городницкий Александр
	Гороховский Сергей
	ГрАссМейстер
	Грахов Николай
	Громов Александр
	Громов Александр (Воронеж)
	Гулин Сергей
	Гурфинкель Елена
	Гусаров Андрей
Д-Д	Данилов Сергей
	Данской Григорий
	Денисов Василий
	Демичев Игорь
	Деорди Борис
	Дёмин Виктор
	Дикштейн Григорий
	Долгов Дмитрий
	Долина Вероника
	Дольский Александр
	Дорофеев Никита
	Д'ркин Веня (Литвинов Александр Михайлович)
	Дрыгина Татьяна
	Дудкина Наталья
	Дулов Александр
	Дурицын Виктор
	Духовный Леонид
	Духовской Антон
Е-Е	Евстигнеев Александр
	Евушкина Вера
	Егоров Антон
	Егоров Вадим
	Ерёмин Николай
	Ерошкин Валентин
	Есипов Борис
	Ефремов Александр
	Ефремов Александр Ю
Ж-Ж	Жданов Евгений
	Железцов Александр
	Жилин Сергей
	Жук Игорь
	Жуков Генадий
	Жукова Ирина
	Журавлёв Юрий
З-З	Завалин Константин
	Завгородний Владимир
	Загот Анатолий
	Зайц Игорь
	Залесская Ольга
	Заливако Олег
	Зарифьян Анес
	Захарченко Любовь
	Зевелев Александр
	Земсков Андрей
	Зиганшина Юлия
	Зонов Никита
	Зонов Лев
	Зражевский Сергей
	Зыков Юрий
И-И	Иванов Александр
	Иванов Алексей
	Иванов Анатолий
	Иванов Валерий
	Иванов Игорь
	Иванова Людмила
	Ивановский Николай
	Иващенко Алексей, Васильев Георгий
	Игнатова Елена
	Иеромонах Роман
	Ильин Владимир
	Имамалиев Ибрагим
	Иртеньев Игорь
	Исаев Александр
	Исакевич Евгений
	Ицков Р.
	Ишкулова Надежда
К-К	Кабанов Виктор
	Каденко Владимир
	Казанцева Елена
	Калашников Виталий
	Калина Евгения
	Калинкин Михаил
	Каменский Виктор
	Канашенко Сергей
	Кане Михаил
	Канер Валерий
	Канунников Сергей
	Капгер Владимир
	Каплан Сергей
	Капралов Александр
	Капралов Алексей
	Карабинская София
	Карпенко Александр
	Карпинос Ирина
	Каpпов Александp
	Карташкин Валерий
	Кац Семён
	Качаловъ Алексанр
	Кочан Владимир
	Качанова Ольга
	Ким Юлий
	Кимельфельд Дмитрий
	Кинер Борис
	Киреев Анатолий
	Кискачи Алексей
	Кияйкин Алексей
	Климович Вячеслав
	Клячкин Евгений
	Князева Н.
	Ковалев Вячеслав
	Коваль Иван
	Коган Андрей
	Коган Яков
	Коденко Диана
	Козлов Андрей
	Козловский Андрей
	Колесников Юрий
	Колмыков Анатолий
	Конопелькин Александр
	Коноплёв Михаил
	Конышева Людмила
	Коренблит Станислав
	Королёва Татьяна
	Коронов Леонид
	Корф Андрей
	Корычев Сергей
	Косенков Александр
	Костарев Александр
	Костюшкин Алексей
	Косыгин Сергей
	Кочетков Михаил
	Кошелев Пётр
	Крамаренко Андрей
	Крапивин Владислав
	Красновский Владимир
	Краснопольский Александр
	Крупп Арик
	Крылов Сергей
	Крючков Андрей
	Кудрявцев Алексей
	Кудряшева Алина (izubr)
	Кузин Алексей
	Кузнецов Валерий
	Кулинский Андрей
	Кукин Юрий
	Кукулевич Михаил
	Кулагина Ольга
	Куличенко Валерий
	Куни Аркадий
	Курилов Дмитрий
	Куркова Анна
	Кутузов Владимир
	Кучер Наталья
	Кучумов Андрей
Л-Л	Лаврентьев Алексей
	Лазарев Анатолий
	Ланцберг Владимир
	Лебедев Аркадий
	Леви Владимир
	Левин Александр
	Левинзон Ирина
	Левитин Юрий
	Лемыш Анатолий
	Леонкин Андрей
	Леонтьева Луиза
	Лепский Георгий
	Лившиц Юрий
	Лихтерман Аида
	Лобановский Александр
	Логвинова Евгения
	Лорес Юрий
	Луковкин Сергей
	Лумельский Дмитрий
	Луферов Виктор
	Лысиков Алексей
М-М	Мадатов Аркадий
	Макаревич Андрей
	Макаренков Александр
	Макеева Ольга
	Мальгин А
	Малыгин Игорь
	Малыгина Кира
	Манолова Олеся
	Мартынова Елена (Мартиэль)
	Масленникова Наталья
	Маслов Александр
	Матвеева Вера
	Матвеева Новелла
	Матвеев Андрей
	Матвеев Евгений
	Матвеенко Сергей
	Маховая Мария
	Махотин Сергей
	Медведев Олег
	Медведева Екатерина
	Медведенко Александр
	Меламед Марина
	Мерзляков Анатолий
	Мерман Марк
	Мешавкин Василий
	Мешковая Юлия
	Миляев Валерий
	Миналиев Зинур
	Минин Сергей
	Мирзаян Александр
	Мирошкин Владимир
	Митяев Олег
	Михайловская Алина
	Михалев Игорь
	Михеева Юлия
	Мищуки Валерий, Вадим
	Мордберг Леонид
	Морозов Андрей
	Морозов Игорь
	Морозовский Роман
	Москвин Владимир
	Музыкантов Владимир
	Муратова Наталья
	Муромцев Владимир
	Мухамеджанов Ренат
	Мыльцев Константин
Н-Н	Набоких Игорь
	Назгул (Полковников Денис)
	Назин Сергей
	Наумов Сергей
	Нахамкин Леонид
	Нежевец Алексей
	Нелюбова Наталья
	Неман Анатолий
	Немировский Олег
	Непогодин Стас
	Никитин Сергей
	Никитин Михаил
	Нирман Леонид
	Новиков Александр
	Новожилов Вадим
	Ножкин Михаил
	Нур Раиса
	Нырков Сергей
О-О	Обухов Дмитрий
	Огородникова Галина
	Окуджава Булат
	Олейников Анатолий
	Оленёв Илья
	Орищенко Ирина
	Орлов Дмитрий
	Осокин Александр
	отец Сергий Киселёв
	Охапкин Александр
	Охрименко Алексей
	О'Шенон Александр
	Ощепков Александр
П-П	Павленко Александр
	Пак Валерий
	Пальцев Евгений
	Панюшкин Юрий
	Паперный Алексей
	Папушев Павел
	Парчин Борис
	Паскару Наум
	Певзнер Вадим
	Пеньтюк Виктор
	Первакова Светлана
	Перевалов Геннадий
	Перов Александр
	Песковский Юрий
	Погорелый Сергей
	Подберезин Борис
	Полоскин Борис
	Полунин В.
	Пономаренко Алексей
	Поплавский Сергей
	Попов Виктор
	Приезжева Наталья
	Приходько Михаил, Пухова Галина
	Простаков Николай
	Псой (Псой Короленко)
	Пучко Татьяна
Р-Р	Рабин Игорь
	Рагимов Владимир
	Райзер Евгения
	Растаев Дмитрий
	Ременюк Валерий
	Рецептер Владимир
	Решетняк Елена
	Ривель Кирилл
	Роднов Лев
	Розанов Сергей
	Розенбаум Александр
	Розенбаум Владимир
	Розенблат Анатолий
	Розенштейн Мила
	Романов Евгений
	Рощин Борис
	Рубцов Николай
	Русаков Сергей
	Рыков Юрий
	Рысев Борис
	Рябов Владимир
	Рязанов Эльдар
С-С	Савченко А
	Самойлов В.
	Санина Ярослава
	Сапожников Юрий
	Сапфиров Евгений
	Саран Владимир
	Саркисов Игорь
	Саруханов Валерий
	Саульский Сергей
	Сафонов Дмитрий
	Сачковский Валерий
	Светлов Михаил
	Свиридов Алексей
	Селиванов Андрей
	Селиверстов Андрей
	Семаков Леонид
	Семененко Михаил
	Сергеев Леонид
	Серенко Александр
	Силаева Елена
	Симановский Игорь 
	Симон Яна
	Симонов Сергей
	Синельников Сергей
	Сипер Михаил
	Скобля Олег
	Скоров Валерий
	Скосырев Геннадий
	Слабиков Евгений
	Слепакова Нонна
	Сметанин Николай
	Смирнов Андрей
	Смирнов Аркадий
	Смирнов Сергей
	Смирнов Юрий
	Смогул Александр
	Соколов Виктор
	Солкин Василий
	Соломатов Валентин
	Солянов Фред
	Сорокач Андрей
	Сосновская Надежда
	Софронов Александр
	Старжинский Виталий
	Старченков Николай
	Старчик Пётр
	Степаненко Кирилл
	Степанов Антон
	Степанов Игорь
	Степанов Леонид
	Стёркин Сергей
	Столяров Виктор
	Стрельников Дмитрий
	Стрижевский Александр
	Стрижов Сергей
	Строцев Дмитрий
	Сурков Андрей
	Сурганова Светлана
	Сусло Сергей
	Сусоров Евгений
	Суханов Александр
Т-Т	Тайгин Борис
	Тальковский Альфред
	Тарасов Константин
	Тарвердян Наталья
	Татарников Владимир
	Терёшкина Елена
	Тиматков Алексей
	Тимофеев Александр
	Тиунов Владимир
	Тишина Ольга
	Ткачёв Александр
	Трегер Михаил
	Трегуб А.
	Тремаскин Евгений
	Третьяков Виктор
	Тропышко Алексей
	Трофимов Антон
	Трофимов Сергей
	Трубин Владимир
	Труханов Сергей
	Туманова Людмила
	Туриянский Владимир
	Турьянский Алексей
У-У	Ураков Виталий
	Усвятцов Марк
	Устинов Юрий
Ф-Ф	Фахртдинов Павел
	Фёдоров Виктор
	Фетинин Денис
	Филиппов Роман
	Фрейдкин Марк
	Фролов Константин
	Фролова Елена
Х-Х	Хабаров Юрий
	Харисов Виталий
	Харченко Владимир
	Харченко Юрий
	Хвостенко Алексей
	Хейфец Юрий
	Холкин Александр
	Хорева Любовь
	Хохликов Юрий
	Хочинский Александр
	Храмова Татьяна
	Христианова Ирина
	Хусаинов Шухрат
Ц-Ц	Цветков Павел
	Цендровский Юрий
	Церпята Александр, Рольгейзер Роман
	Цывкин Владимир
	Цысс Сергей
Ч-Ч	Чемирзова Ольга
	Ченборисова Роза
	Ченцов Владимир
	Ченцов Илья
	Червяков Валерий
	Черкасов Сергей
	Черницкий Виталий
	Чернов Владимир
	Черников Виктор
	Чернышёв Сергей
	Чечет Валерий
	Чикалов Максим
	Чикина Ольга
Ш-Ш	Шабанов Виктор
	Шабашвили Эмир
	Шадрин Вячеслав
	Шангин-Березовский Генадий
	Шантгай Екатерина
	Шаов Тимур
	Шапошников Роман
	Шахнович Борис
	Швец Сергей
	Шевчук Юрий
	Шемшученко Владимир
	Шимуда Олег
	Шипилов Николай
	Широглазов Андрей
	Ширяев Андрей
	Школьник Маша
	Шмаков Олег
	Штромило Николай
	Шутилов Виктор
Щ-Щ	Щеглов Борис
	Щербаков Михаил
	Щербина Александр
	Щукин Артём
Э-Э	Эристави Сандро
Ю-Ю	Южанин Игорь
	Юрков Дмитрий
Я-Я	Яблонский Андрей
	Якимов Николай
	Якушева Ада
	Ястребов Александр
	Яцуненко Сергей
	Яровая Катя
	Ященко Зоя
	629
